ImageId,EncodedPixels
00003e153.jpg,
0001124c7.jpg,
000155de5.jpg,264661 17 265429 33 266197 33 266965 33 267733 33 268501 33 269269 33 270037 33 270805 33 271573 33 272341 33 273109 33 273877 33 274645 33 275413 33 276181 33 276949 33 277716 34 278484 34 279252 33 280020 33 280788 33 281556 33 282324 33 283092 33 283860 33 284628 33 285396 33 286164 33 286932 33 287700 33 288468 33 289236 33 290004 33 290772 33 291540 33 292308 33 293076 33 293844 33 294612 33 295380 33 296148 33 296916 33 297684 33 298452 33 299220 33 299988 33 300756 33 301524 33 302292 33 303060 33 303827 34 304595 34 305363 33 306131 33 306899 33 307667 33 308435 33 309203 33 309971 33 310739 33 311507 33 312275 33 313043 33 313811 33 314579 33 315347 33 316115 33 316883 33 317651 33 318419 33 319187 33 319955 33 320723 33 321491 33 322259 33 323027 33 323795 33 324563 33 325331 33 326099 33 326867 33 327635 33 328403 33 329171 33 329938 34 330706 34 331474 33 332242 33 333010 33 333778 33 334546 33 335314 33 336082 33 336850 33 337618 33 338386 33 339154 33 339922 33 340690 33 341458 33 342226 33 343003 24 343787 8
000194a2d.jpg,360486 1 361252 4 362019 5 362785 8 363552 10 364321 10 365090 9 365858 10 366627 10 367396 9 368165 9 368933 10 369702 10 370471 9 371240 9 372009 9 372777 10 373546 9 374315 9 375084 7 375852 6 376621 3 377390 1
000194a2d.jpg,51834 9 52602 9 53370 9 54138 9 54906 9 55674 7 56442 7 57210 7 57978 7 58746 7 59514 7 60282 7 61050 9 61818 9 62586 9 63354 9 64122 9 64890 9
000194a2d.jpg,198320 10 199088 10 199856 10 200624 10 201392 10 202160 10 202928 10 203696 10 204464 10 205232 10 206000 10 206768 10 207536 10 208304 10 209072 10 209840 10 210608 10 211376 10 212144 10 212912 10 213680 10 214448 10 215216 10 215984 10 216751 10 217519 10 218287 10 219055 10 219823 10 220591 10 221359 10 222127 10 222895 10 223663 10 224431 10 225199 10 225967 10 226735 10 227503 10 228271 10 229039 10 229807 10 230575 10 231343 10 232111 10 232879 10 233647 10 234415 10
000194a2d.jpg,55683 1 56451 1 57219 1 57987 1 58755 1 59523 1 60291 1
000194a2d.jpg,254389 9 255157 17 255925 17 256693 17 257461 17 258229 17 258997 17 259765 17 260533 17 261301 17 262068 18 262836 17 263604 17 264372 17 265140 17 265908 17 266676 17 267444 17 268212 17 268980 17 269748 17 270516 17 271284 17 272052 17 272820 17 273588 17 274356 17 275124 17 275891 18 276659 17 277427 17 278195 17 278963 17 279731 17 280499 17 281267 17 282035 17 282803 17 283580 8
0001b1832.jpg,
00021ddc3.jpg,108287 1 109054 3 109821 4 110588 5 111356 5 112123 6 112890 7 113657 8 114424 9 115191 10 115958 11 116725 12 117493 12 118260 13 119027 14 119794 14 120561 14 121328 15 122095 15 122863 14 123630 14 124397 14 125164 14 125931 15 126698 15 127465 15 128232 15 129000 14 129767 14 130534 15 131301 15 132070 13 132839 11 133608 9 134378 6 135147 5 135916 3 136685 1
00021ddc3.jpg,101361 1 102128 3 102896 4 103663 6 104430 9 105198 10 105209 1 105965 14 106732 14 107500 14 108267 14 109034 14 109802 14 110569 14 111336 14 112104 14 112871 14 113638 14 114406 14 115173 14 115940 14 116708 14 117475 14 118242 14 119010 14 119777 14 120544 14 121312 14 122079 14 122846 14 123614 14 124381 14 125150 12 125920 10 126689 8 127459 5 128228 4 128998 1
00021ddc3.jpg,74441 3 75207 5 75975 5 76743 5 77511 5 78280 4 79048 5 79816 5 80584 5 81352 5 82120 5 82888 6 83657 5 84425 5 85193 5 85961 2
00021ddc3.jpg,74444 4 75212 4 75980 4 76748 4 77517 3 78285 3 79053 4 79821 4 80589 4 81357 4 82125 4
00021ddc3.jpg,150423 2 151190 3 151958 3 152726 4 153495 3 154263 3
00021ddc3.jpg,139644 2 140408 6 141174 9 141942 9 142711 6 143479 2
00021ddc3.jpg,75972 3 76738 5 77506 5 78274 5 79042 6 79811 5 80579 5 81347 5 82115 5 82883 5 83651 6 84420 5 85188 5 85956 2
00021ddc3.jpg,86727 2 87493 4 88261 4 89030 3 89798 4 90566 4 91334 4 92103 3 92871 1
00021ddc3.jpg,95225 2 95992 5 96760 7 97527 9 98294 9 99062 9 99829 9 100596 9 101364 9 102132 8 102901 6 103671 3 104440 2
0002756f7.jpg,255784 2 256552 4 257319 7 258087 9 258854 12 259622 14 260389 16 261159 16 261929 16 262699 16 263469 16 264239 16 265009 14 265779 11 266549 9 267319 6 268089 4 268859 1
0002756f7.jpg,248878 1 249645 4 250413 6 251180 9 251948 10 252715 13 253482 16 254250 18 255019 18 255789 18 256559 18 257329 18 258099 17 258869 15 259639 12 260409 10 261179 7 261949 5 262719 2 263488 1 264255 1
